contact_id,vehicle_id,name,company,title,category,phone,email,phone_type,email_type,website,location,min_check,max_check,check500k_status,check_scope,minority_evidence,mandate,screen,fit_reason,requirements,email_source_url,phone_source_url,mandate_source_url,profile_source_url,source_date,capital_verification,acceptance_status,stage,owner,next_action
f9c672a9743c47,cc2a42231b699b,Michael Fields,2M Investment Partners,Managing Partner,Family investment firm,1 (617) 835-8874,fields@2minvestors.com,professional_business_contact_as_published,Published named business email,https://www.2minvestors.com/,US portfolio and business operations; US professional contact numbers.,,,not_published_unverified,,Flexible structures and growth/acquisition financing; minority ownership and 9.3% tolerance not explicitly published.,Family-backed small/midsize operating-business equity and financing for acquisitions and growth; potential future established-company acquisition rather than current trial working capital.,Held outside current screen,Family-backed small/midsize operating-business equity and financing for acquisitions and growth; potential future established-company acquisition rather than current trial working capital.,"Requires $5M–$50M actual revenue, $1M–$10M profit and positive growing cashflow. Check size/minority policy unpublished. This is2minvestors.com, distinct from Meyerson-owned2m.com. Published named business contact. Revenue criteria 5M-50M/profit 1M-10M exceed current pre-execution pilot. Minority structure and minimum ticket not explicit.",https://www.2minvestors.com/contact.html,https://www.2minvestors.com/contact.html,https://www.2minvestors.com/our-strategy.html,https://www.2minvestors.com/contact.html,2026-09-30,unverified,Not contacted / unconfirmed,new,,"Confirm $500K check, 9.3% ownership, current operating-stage eligibility and funding availability."
0810941981874c,96d13496527b53,Steven Folse,Vigeo Investments,Managing Partner,Named investor / firm principal,1 (720) 974-2075,stevenf@vigeoinvestments.com,company_mainline,named_published_professional_email,https://www.vigeoinvest.com/our-people/,"Denver, CO",3000000,10000000,Published range excludes $500K,$3MM-$10MM for special projects/funds; operating-company minimum check not stated,explicit_firm_minority_investment_mandate,business_services_minority_theme_but_ticket_stage_mismatch,Held outside current screen,Operating targets $5M-$15M EBITDA/$15M-$150M revenue; early-stage considered case by case. Special-project checks $3M-$10M exceed $500K request.,Operating targets $5M-$15M EBITDA/$15M-$150M revenue; early-stage considered case by case. Special-project checks $3M-$10M exceed $500K request.,https://www.vigeoinvest.com/contact-us/,https://www.vigeoinvest.com/contact-us/,https://www.vigeoinvest.com/about/,https://www.vigeoinvest.com/our-people/,2026-09-30,unverified,Not contacted / unconfirmed,new,,"Confirm $500K check, 9.3% ownership, current operating-stage eligibility and funding availability."
4cda8432a39b00,ae18ee27729853,Mason Cook,Mastercraft Ventures,Founder and Managing Director,Named investor / firm principal,,hello@mastercraftvc.com,published_firm_mainline,published_firm_inbox_routing,https://www.mastercraftvc.com/,Primarily Wisconsin founders; QNBV preferred,250000,500000,Published range overlaps $500K,"$250,000-$500,000 firm ticket",inferred_seed_equity_not_confirmed_9_3_percent,"Industry agnostic software, hardware and products",Held outside current screen,"101XVC is described as an origination/acquisition/marketing operator with proprietary software, not demonstrated standalone SaaS. Venture fit requires investable product, repeatable demand, venture growth and exit economics. $500K for 9.3% is proposed; no investor acceptance or cash availability is verified. Explicitly says probably not fit for real estate/main-street businesses. Geography and operator model mismatches make this low priority without standalone product.","101XVC is described as an origination/acquisition/marketing operator with proprietary software, not demonstrated standalone SaaS. Venture fit requires investable product, repeatable demand, venture growth and exit economics. $500K for 9.3% is proposed; no investor acceptance or cash availability is verified. Explicitly says probably not fit for real estate/main-street businesses. Geography and operator model mismatches make this low priority without standalone product. software_and_venture_growth_unconfirmed; 101XVC is described as an origination/acquisition/marketing operator with proprietary software, not demonstrated standalone SaaS. Geography and operator model mismatches make this low priority without standalone product. 101XVC is described as an origination/acquisition/marketing operator with proprietary software, not demonstrated standalone SaaS. Geography and operator model mismatches make this low priority without standalone product.",https://www.mastercraftvc.com/contact,https://www.mastercraftvc.com,https://www.mastercraftvc.com/,https://www.mastercraftvc.com/,2026-09-30,unverified,Not contacted / unconfirmed,new,,"Confirm $500K check, 9.3% ownership, current operating-stage eligibility and funding availability."
7e661c417aa085,1feb2d395ed710,Aarthi Ramamurthy,Schema Ventures,Founder,Named investor / firm principal,,aarthi@schemavc.com,published_firm_mainline,named_published_professional_email,https://schemavc.com/,U.S. technology venture platform; domicile confirmation required,250000,500000,Published range overlaps $500K,"$250,000-$500,000 firm ticket",inferred_seed_equity_not_confirmed_9_3_percent,"Enterprise software, developer infrastructure, industrial technology",Held outside current screen,"101XVC is described as an origination/acquisition/marketing operator with proprietary software, not demonstrated standalone SaaS. Venture fit requires investable product, repeatable demand, venture growth and exit economics. $500K for 9.3% is proposed; no investor acceptance or cash availability is verified. Technical-founder infrastructure focus; U.S. firm location is not explicitly stated on reviewed official page and remains unconfirmed.","101XVC is described as an origination/acquisition/marketing operator with proprietary software, not demonstrated standalone SaaS. Venture fit requires investable product, repeatable demand, venture growth and exit economics. $500K for 9.3% is proposed; no investor acceptance or cash availability is verified. Technical-founder infrastructure focus; U.S. firm location is not explicitly stated on reviewed official page and remains unconfirmed. software_and_venture_growth_unconfirmed; 101XVC is described as an origination/acquisition/marketing operator with proprietary software, not demonstrated standalone SaaS. Technical-founder infrastructure focus; U.S. firm location is not explicitly stated on reviewed official page and remains unconfirmed. 101XVC is described as an origination/acquisition/marketing operator with proprietary software, not demonstrated standalone SaaS. Technical-founder infrastructure focus; U.S. firm location is not explicitly stated on reviewed official page and remains unconfirmed. US firm domicile or office evidence remains unconfirmed.",https://schemavc.com/,https://schemavc.com,https://schemavc.com/,https://schemavc.com/,2026-09-30,unverified,Not contacted / unconfirmed,new,,"Confirm $500K check, 9.3% ownership, current operating-stage eligibility and funding availability."
37b6c8feac0a4b,fc566baefb5110,Isaac Kato,Two Ravens,Founder / investment partner,Named investor / firm principal,,info@tworavens.vc,published_firm_mainline,published_firm_inbox_routing,https://www.tworavens.vc/,U.S. technology platform; office domicile needs confirmation,250000,500000,Published range overlaps $500K,"$250,000-$500,000 firm ticket",inferred_seed_equity_not_confirmed_9_3_percent,Technology startups; non-obvious founder backgrounds,Held outside current screen,"101XVC is described as an origination/acquisition/marketing operator with proprietary software, not demonstrated standalone SaaS. Venture fit requires investable product, repeatable demand, venture growth and exit economics. $500K for 9.3% is proposed; no investor acceptance or cash availability is verified. Business contact published; U.S. office location not explicitly found on page and still needs first-party confirmation.","101XVC is described as an origination/acquisition/marketing operator with proprietary software, not demonstrated standalone SaaS. Venture fit requires investable product, repeatable demand, venture growth and exit economics. $500K for 9.3% is proposed; no investor acceptance or cash availability is verified. Business contact published; U.S. office location not explicitly found on page and still needs first-party confirmation. software_and_venture_growth_unconfirmed; 101XVC is described as an origination/acquisition/marketing operator with proprietary software, not demonstrated standalone SaaS. Business contact published; U.S. office location not explicitly found on page and still needs first-party confirmation. 101XVC is described as an origination/acquisition/marketing operator with proprietary software, not demonstrated standalone SaaS. Business contact published; U.S. office location not explicitly found on page and still needs first-party confirmation. US firm domicile or office evidence remains unconfirmed.",https://www.tworavens.vc/,https://www.tworavens.vc,https://www.tworavens.vc/,https://www.tworavens.vc/,2026-09-30,unverified,Not contacted / unconfirmed,new,,"Confirm $500K check, 9.3% ownership, current operating-stage eligibility and funding availability."
0004dce8083d81,96aee49a4b4c40,Patrick McCloskey,Aeterna Capital Partners,Founder and Managing Partner,Named investor / firm principal,1 (917) 543-5423,info@aeternacp.com,published_firm_mainline,published_firm_inbox_routing,https://www.aeternacp.com/about,"New York, NY",2000000,10000000,Published range excludes $500K,"$2,000,000-$10,000,000 firm ticket",explicit_firm_control_and_minority_mandate,ticket_and_maturity_mismatch_review,Held outside current screen,Firm routing inbox/mainline. Published 2M-10M investment size and 2M+EBITDA/asset backing exceed current request; defer unless structure exception confirmed.,Firm routing inbox/mainline. Published 2M-10M investment size and 2M+EBITDA/asset backing exceed current request; defer unless structure exception confirmed.,https://www.aeternacp.com/about-2,https://www.aeternacp.com/about-2,https://www.aeternacp.com/about,https://www.aeternacp.com/about,2026-09-30,unverified,Not contacted / unconfirmed,new,,"Confirm $500K check, 9.3% ownership, current operating-stage eligibility and funding availability."
f4f1af9efe4e0b,cc2a42231b699b,Michael Kober,2M Investment Partners,Managing Partner,Named investor / firm principal,1 (203) 273-6606,kober@2minvestors.com,named_direct_business_line,named_published_professional_email,https://www.2minvestors.com/about-us.html,United States,,,not_published_on_reviewed_current_sources,,unconfirmed,established_business_maturity_mismatch,Held outside current screen,Published named business contact. Revenue criteria 5M-50M/profit 1M-10M exceed current pre-execution pilot. Minority structure and minimum ticket not explicit.,Published named business contact. Revenue criteria 5M-50M/profit 1M-10M exceed current pre-execution pilot. Minority structure and minimum ticket not explicit.,https://www.2minvestors.com/contact.html,https://www.2minvestors.com/contact.html,https://www.2minvestors.com/our-strategy.html,https://www.2minvestors.com/about-us.html,2026-09-30,unverified,Not contacted / unconfirmed,new,,"Confirm $500K check, 9.3% ownership, current operating-stage eligibility and funding availability."
8989417206151d,661f83a53f3090,Simon Bozas,MEZAS Capital Group,Co-Founder and Chief Strategy Officer,Named investor / firm principal,1 (972) 750-2227,info@mezascg.com,published_firm_mainline,published_firm_inbox_routing,https://www.mezascg.com/,"Plano / Dallas, TX",,5000000,Published maximum; minimum unconfirmed,"Equity investments up to $5,000,000; no minimum published",explicit_firm_non_controlling_equity_mandate,maturity_mismatch_review_only,Held outside current screen,"Corporate routing only. Equity criteria require two years operations/$5M-$50M revenue/$1M-$10M+EBITDA; no committed discretionary fund. Historical small minority deals are examples, not minimum policy.","Corporate routing only. Equity criteria require two years operations/$5M-$50M revenue/$1M-$10M+EBITDA; no committed discretionary fund. Historical small minority deals are examples, not minimum policy.",https://www.mezascg.com/,https://www.mezascg.com/,https://www.mezascg.com/,https://www.mezascg.com/,2026-09-30,unverified,Not contacted / unconfirmed,new,,"Confirm $500K check, 9.3% ownership, current operating-stage eligibility and funding availability."
3c782c023fe137,661f83a53f3090,Imran Memon,MEZAS Capital Group,Co-Founder,Named investor / firm principal,1 (972) 750-2227,info@mezascg.com,published_firm_mainline,published_firm_inbox_routing,https://www.mezascg.com/,"Plano / Dallas, TX",,5000000,Published maximum; minimum unconfirmed,"Equity investments up to $5,000,000; no minimum published",explicit_firm_non_controlling_equity_mandate,maturity_mismatch_review_only,Held outside current screen,"Corporate routing only. Equity criteria require two years operations/$5M-$50M revenue/$1M-$10M+EBITDA; no committed discretionary fund. Historical small minority deals are examples, not minimum policy.","Corporate routing only. Equity criteria require two years operations/$5M-$50M revenue/$1M-$10M+EBITDA; no committed discretionary fund. Historical small minority deals are examples, not minimum policy.",https://www.mezascg.com/,https://www.mezascg.com/,https://www.mezascg.com/,https://www.mezascg.com/,2026-09-30,unverified,Not contacted / unconfirmed,new,,"Confirm $500K check, 9.3% ownership, current operating-stage eligibility and funding availability."
c0c12a3dc36ce1,fb994d721e6e43,,MGV Capital Group,,Venture / proptech firm,,info@mgvcapitalgroup.com,not_found_publicly,firm_business_routing,https://mgvcapital.com,Cross-border United States and Latin America; U.S. presence needs confirmation,250000,1000000,Published range overlaps $500K,company_investment_not_LP_subscription,Seed venture financing suggests minority equity; exact control/ownership terms not published or verified.,Published company investment ticket overlaps $500K; sector or workflow relevance warrants a conditional strategic introduction.,Held outside current screen,Published company investment ticket overlaps $500K; sector or workflow relevance warrants a conditional strategic introduction.,"software_and_venture_growth_unconfirmed; 101XVC is described as an origination/acquisition/marketing operator with proprietary software, not demonstrated standalone SaaS. Venture fit requires investable product, repeatable demand, venture growth and exit economics. $500K for 9.3% is proposed; no investor acceptance or cash availability is verified. Distinct from mgv.vc (Mango/MGV); do not merge those teams solely from acronym. U.S. domicile and cross-border eligibility still require confirmation. 101XVC is described as an origination/acquisition/marketing operator with proprietary software, not demonstrated standalone SaaS. U.S. domicile and cross-border eligibility still require confirmation. US firm domicile or office evidence remains unconfirmed.",https://mgvcapital.com/,,https://mgvcapital.com/,,2026-09-30,unverified,Not contacted / unconfirmed,new,,"Confirm $500K check, 9.3% ownership, current operating-stage eligibility and funding availability."
058e133211177e,c9cee22c4d9b94,,Surface Ventures,,Venture / proptech firm,1 (646) 717-0144,,Published SEC business-office routing number,not_found_publicly,https://surface.vc,U.S. and Canada; core team physically located there,250000,2000000,Published range overlaps $500K,company_investment_not_LP_subscription,Seed venture financing suggests minority equity; exact control/ownership terms not published or verified.,Published company investment ticket overlaps $500K; sector or workflow relevance warrants a conditional strategic introduction.,Held outside current screen,Published company investment ticket overlaps $500K; sector or workflow relevance warrants a conditional strategic introduction.,"software_and_venture_growth_unconfirmed; 101XVC is described as an origination/acquisition/marketing operator with proprietary software, not demonstrated standalone SaaS. Venture fit requires investable product, repeatable demand, venture growth and exit economics. $500K for 9.3% is proposed; no investor acceptance or cash availability is verified. FAQ range used; homepage has separately displayed $500K-$3M, requiring policy confirmation. Prefers >15% ownership with 8% cutoff;9.3% clears cutoff but below preference. Published firstname email pattern not used. 101XVC is described as an origination/acquisition/marketing operator with proprietary software, not demonstrated standalone SaaS. Published firstname email pattern not used. US firm domicile or office evidence remains unconfirmed.",,https://adviserinfo.sec.gov/firm/summary/311788,https://surface.vc/faq,,2026-09-30,unverified,Not contacted / unconfirmed,new,,"Confirm $500K check, 9.3% ownership, current operating-stage eligibility and funding availability."
ad0efd37e19729,6e02c80192d0f1,,Penn Growth Partners,,Operating / strategic equity,1 (302) 770-1800,info@penngrowthpartners.com,firm_business_routing,firm_business_routing,https://penngrowthpartners.com/,California-based founders; US property investments,1000000,10000000,Published range excludes $500K,,unconfirmed,"Provides co-GP, lead-investor, platform-capital and credit-enhancement financing to established real-estate operating partners.",Held outside current screen,,Published equity is $1MM–$10MM per transaction with strong partner track record and property-program focus. This exceeds the $100K–$500K request. Corporate equity without property rights is not confirmed.,https://penngrowthpartners.com/,https://penngrowthpartners.com/,https://penngrowthpartners.com/,,2026-09-30,unverified,Not contacted / unconfirmed,new,,"Confirm $500K check, 9.3% ownership, current operating-stage eligibility and funding availability."
538bd0d4b18bc6,822b5638bba52a,,Kaulig Capital,,Operating / strategic equity,1 (330) 968-1110,,firm_business_routing,firm_business_routing,https://www.kauligcapital.com/,"Hudson, Ohio",,30000000,Published maximum; minimum unconfirmed,,published_control_and_minority_in_private_operating_companies,Family office supplies growth and acquisition capital to profitable operating businesses; corporate sources also describe control and minority equity.,Held outside current screen,,"Current private-equity criteria require at least $10MM revenue and $2MM EBITDA with demonstrated profitability; no venture/high-tech. Equity checks up to $30MM have no published minimum. Revenue and EBITDA are company thresholds, not checks. No company email located on current contact page.",,https://www.kauligcapital.com/contact/,https://www.kauligcapital.com/investment-strategies/private-equity/,,2026-09-30,unverified,Not contacted / unconfirmed,new,,"Confirm $500K check, 9.3% ownership, current operating-stage eligibility and funding availability."
a682c39c5c195b,4a75f28c5f237d,,Alpine Ridge Partners,,Operating / strategic equity,,,firm_business_routing,firm_business_routing,https://www.alpineridgepartners.com/,Southern California and Southwestern United States mandate,,,direct_corporate_check_unpublished,,published_minority_growth,"Family-office investment arm offers minority growth or majority capital, including recurring commercial real-estate services businesses.",Held outside current screen,,"Five or more operating years, positive cash flow, $1MM–$3MM EBITDA, and 50%+ recurring services/maintenance revenue for real-estate services are published criteria. EBITDA is not investment ticket size. No public email or phone found on reviewed page. A closing-contingent assignment-fee model is not shown to satisfy these criteria.",,,https://www.alpineridgepartners.com/,,2026-09-30,unverified,Not contacted / unconfirmed,new,,"Confirm $500K check, 9.3% ownership, current operating-stage eligibility and funding availability."
3f7fb3cbbf0557,25f57555ae7750,,Portfolio Capital,,Operating / strategic equity,,info@portfoliocapital.com,firm_business_routing,firm_business_routing,https://portfoliocapital.com/,Unconfirmed US business location,,,direct_corporate_check_unpublished,,published_minority,"Operator-led family office website describes minority, control and structured company investments from pre-seed through public markets across four sectors.",Held outside current screen,,"No US location, check range or telephone was established on the reviewed first-party page. Residential/commercial real estate investments may be property or partnership level. Do not count this as a verified US corporate-equity lead until geography and mandate are confirmed.",https://portfoliocapital.com/,,https://portfoliocapital.com/,,2026-09-30,unverified,Not contacted / unconfirmed,new,,"Confirm $500K check, 9.3% ownership, current operating-stage eligibility and funding availability."
849dcbf7f4f017,561741ee13dbf1,,Rockies Venture Club,,Angel group / syndication route,1 (720) 305-4277,info@rockiesventureclub.org,published_business_line,general_business,http://www.rockiesventureclub.org/,Colorado/Rockies ecosystem; syndication nationwide.,100000,500000,Published group range includes $500K,collective_group_or_fund_unless_explicitly_stated,"ACA publicly labels this named organization Network. This establishes a group/fund discovery route, not an individual cash commitment.","Early-stage venture-company investment through SPVs, leading rounds and national syndication.",Held outside current screen,"Conditional operating-company equity/syndication route based on published broad mandate or check size. Venture scalability, revenue proof and all eligibility conditions still require diligence.","Diligence and term-sheet negotiation; minimum $100K SPV close. Unrelated financing partners on site are not this equity mandate. Group/fund route; does not identify a single person able or willing to invest $500K.; No investor commitment, liquid-cash proof, approval of proposed 9.3%/8% terms or guaranteed return has been established.; US office/operations have not been verified; exclude from any verified-US count pending confirmation. US office or investment activity was not confirmed in the reviewed primary sources.",https://www.rockiesventureclub.org/,https://www.rockiesventureclub.org/,https://www.rockiesventureclub.org/pitch,,2026-09-30,unverified,Not contacted / unconfirmed,new,,"Confirm $500K check, 9.3% ownership, current operating-stage eligibility and funding availability."
b07abefda021cd,1fabf141964eb4,,71/70 Angels,,Angel group / syndication route,,,not_publicly_found,not_publicly_found,http://www.7170angels.com/,"ACA US regional listing: Midwest, National. Listing region does not itself establish a company-investment restriction.",,,group_syndication_route_500k_amount_unverified,collective_group_or_fund_unless_explicitly_stated,"ACA publicly labels this named organization Fund. This establishes a group/fund discovery route, not an individual cash commitment.",Public ACA angel fund; precise operating-company mandate needs confirmation.,Held outside current screen,Unconfirmed route for company equity. No proof of willingness or available $500K cash for this specific offer.,"Confirm current activity, operating-company equity eligibility, syndication ability, stage, sector and geographic restrictions. Group/fund route; does not identify a single person able or willing to invest $500K.; No investor commitment, liquid-cash proof, approval of proposed 9.3%/8% terms or guaranteed return has been established.; No usable publicly published group business email found in reviewed pages; use the official application/contact route.; No publicly published group business phone found in reviewed pages.; Official website was unavailable to the bounded collector; current activity and mandate remain unverified.; US office/operations have not been verified; exclude from any verified-US count pending confirmation. US office or investment activity was not confirmed in the reviewed primary sources.",,,https://angelcapitalassociation.growthzoneapp.com/publicdirectory/Details/71-70-angels-4001309,,2026-09-30,unverified,Not contacted / unconfirmed,new,,"Confirm $500K check, 9.3% ownership, current operating-stage eligibility and funding availability."
6ec397cbf20cec,e03d9e15e9463f,,Alaska Investor Network,,Angel group / syndication route,,,not_publicly_found,not_publicly_found,https://www.akinvestnet.com/,ACA US regional listing: Northwest. Listing region does not itself establish a company-investment restriction.,,,group_syndication_route_500k_amount_unverified,collective_group_or_fund_unless_explicitly_stated,"ACA publicly labels this named organization Network. This establishes a group/fund discovery route, not an individual cash commitment.",Public ACA angel network; precise operating-company mandate needs confirmation.,Held outside current screen,Unconfirmed route for company equity. No proof of willingness or available $500K cash for this specific offer.,"Confirm current activity, operating-company equity eligibility, syndication ability, stage, sector and geographic restrictions. Group/fund route; does not identify a single person able or willing to invest $500K.; No investor commitment, liquid-cash proof, approval of proposed 9.3%/8% terms or guaranteed return has been established.; No usable publicly published group business email found in reviewed pages; use the official application/contact route.; No publicly published group business phone found in reviewed pages.; Official website was unavailable to the bounded collector; current activity and mandate remain unverified.; US office/operations have not been verified; exclude from any verified-US count pending confirmation. US office or investment activity was not confirmed in the reviewed primary sources.",,,https://angelcapitalassociation.growthzoneapp.com/publicdirectory/Details/alaska-investor-network-3955271,,2026-09-30,unverified,Not contacted / unconfirmed,new,,"Confirm $500K check, 9.3% ownership, current operating-stage eligibility and funding availability."
4e306feba0aef3,66e8f79d4ab05f,,Ambassadors Impact Network,,Angel group / syndication route,,,not_publicly_found,not_publicly_found,http://www.ambassadorsimpact.com/,Broad geography; ACA Texas listing.,,,round_target_includes_500k_only,collective_group_or_fund_unless_explicitly_stated,"ACA publicly labels this named organization Network. This establishes a group/fund discovery route, not an individual cash commitment.",Post-revenue gospel-impact operating companies and funds; equity or debt with conversion rights/attached equity.,Held outside current screen,Unconfirmed route for company equity. No proof of willingness or available $500K cash for this specific offer.,"Jesus-following founder/CEO/management; intentional gospel impact; generally $100K+ annual revenue. Members individually decide investments. Group/fund route; does not identify a single person able or willing to invest $500K.; No investor commitment, liquid-cash proof, approval of proposed 9.3%/8% terms or guaranteed return has been established.; No usable publicly published group business email found in reviewed pages; use the official application/contact route.; No publicly published group business phone found in reviewed pages.; US office/operations have not been verified; exclude from any verified-US count pending confirmation. US office or investment activity was not confirmed in the reviewed primary sources.",,,https://ambassadorsimpact.com/apply,,2026-09-30,unverified,Not contacted / unconfirmed,new,,"Confirm $500K check, 9.3% ownership, current operating-stage eligibility and funding availability."
7b7be4a1d9b8cf,6ae0c47d64bbde,,Angel Investor Forum,,Angel group / syndication route,,,not_publicly_found,not_publicly_found,http://www.angelinvestorforum.com/,ACA US regional listing: New England. Listing region does not itself establish a company-investment restriction.,,,group_syndication_route_500k_amount_unverified,collective_group_or_fund_unless_explicitly_stated,"ACA publicly labels this named organization Network. This establishes a group/fund discovery route, not an individual cash commitment.",Public ACA angel network; precise operating-company mandate needs confirmation.,Held outside current screen,Unconfirmed route for company equity. No proof of willingness or available $500K cash for this specific offer.,"Confirm current activity, operating-company equity eligibility, syndication ability, stage, sector and geographic restrictions. Group/fund route; does not identify a single person able or willing to invest $500K.; No investor commitment, liquid-cash proof, approval of proposed 9.3%/8% terms or guaranteed return has been established.; No usable publicly published group business email found in reviewed pages; use the official application/contact route.; No publicly published group business phone found in reviewed pages.; Official website was unavailable to the bounded collector; current activity and mandate remain unverified.; US office/operations have not been verified; exclude from any verified-US count pending confirmation. US office or investment activity was not confirmed in the reviewed primary sources.",,,https://angelcapitalassociation.growthzoneapp.com/publicdirectory/Details/angel-investor-forum-3955305,,2026-09-30,unverified,Not contacted / unconfirmed,new,,"Confirm $500K check, 9.3% ownership, current operating-stage eligibility and funding availability."
e63560823f583d,40c003eb6b5e98,,Baylor Angel Network,,Angel group / syndication route,,,not_publicly_found,not_publicly_found,https://www.baylorangelnetwork.com/,ACA US regional listing: Texas. Listing region does not itself establish a company-investment restriction.,,,group_syndication_route_500k_amount_unverified,collective_group_or_fund_unless_explicitly_stated,"ACA publicly labels this named organization Network. This establishes a group/fund discovery route, not an individual cash commitment.",Public ACA angel network; precise operating-company mandate needs confirmation.,Held outside current screen,Unconfirmed route for company equity. No proof of willingness or available $500K cash for this specific offer.,"Baylor-affiliated network; exact current founder-affinity criteria not verified. Founder eligibility has not been established for 101XVC. Group/fund route; does not identify a single person able or willing to invest $500K.; No investor commitment, liquid-cash proof, approval of proposed 9.3%/8% terms or guaranteed return has been established.; University/network affinity must be checked; membership affiliation is not automatically an applicant requirement.; No usable publicly published group business email found in reviewed pages; use the official application/contact route.; No publicly published group business phone found in reviewed pages.; Official website was unavailable to the bounded collector; current activity and mandate remain unverified.; US office/operations have not been verified; exclude from any verified-US count pending confirmation. US office or investment activity was not confirmed in the reviewed primary sources.",,,https://angelcapitalassociation.growthzoneapp.com/publicdirectory/Details/baylor-angel-network-3955263,,2026-09-30,unverified,Not contacted / unconfirmed,new,,"Confirm $500K check, 9.3% ownership, current operating-stage eligibility and funding availability."
218efd7d9c24f1,c4ef2784ad022e,,Beacon Angels LLC,,Angel group / syndication route,,beacange2@gmail.com,not_publicly_found,published_business,http://www.beaconangels.com/,New England emphasis.,50000,400000,Published range excludes $500K,collective_group_or_fund_unless_explicitly_stated,"ACA publicly labels this named organization Network. This establishes a group/fund discovery route, not an individual cash commitment.",Early-stage fast-growing companies; Boston/New England angel group.,Held outside current screen,Unconfirmed route for company equity. No proof of willingness or available $500K cash for this specific offer.,"Differentiated defensible product, customer validation and appropriate valuation; prefers convertible notes over SAFEs. Group/fund route; does not identify a single person able or willing to invest $500K.; No investor commitment, liquid-cash proof, approval of proposed 9.3%/8% terms or guaranteed return has been established.; No publicly published group business phone found in reviewed pages.",https://beaconangels.com/,,https://beaconangels.com/,,2026-09-30,unverified,Not contacted / unconfirmed,new,,"Confirm $500K check, 9.3% ownership, current operating-stage eligibility and funding availability."
f4af63ac54a5eb,65536fe9f3a842,,Bluegrass Angels Inc,,Angel group / syndication route,,,not_publicly_found,not_publicly_found,http://www.bluegrassangels.com/,ACA US regional listing: Midwest. Listing region does not itself establish a company-investment restriction.,,,group_syndication_route_500k_amount_unverified,collective_group_or_fund_unless_explicitly_stated,"ACA publicly labels this named organization Network. This establishes a group/fund discovery route, not an individual cash commitment.",Public ACA angel network; precise operating-company mandate needs confirmation.,Held outside current screen,Unconfirmed route for company equity. No proof of willingness or available $500K cash for this specific offer.,"Confirm current activity, operating-company equity eligibility, syndication ability, stage, sector and geographic restrictions. Group/fund route; does not identify a single person able or willing to invest $500K.; No investor commitment, liquid-cash proof, approval of proposed 9.3%/8% terms or guaranteed return has been established.; No usable publicly published group business email found in reviewed pages; use the official application/contact route.; No publicly published group business phone found in reviewed pages.; Official website was unavailable to the bounded collector; current activity and mandate remain unverified.; US office/operations have not been verified; exclude from any verified-US count pending confirmation. US office or investment activity was not confirmed in the reviewed primary sources.",,,https://angelcapitalassociation.growthzoneapp.com/publicdirectory/Details/bluegrass-angels-inc-3955204,,2026-09-30,unverified,Not contacted / unconfirmed,new,,"Confirm $500K check, 9.3% ownership, current operating-stage eligibility and funding availability."
5fd58b83c78a58,07b9aa86962a97,,Broad Street Angels,,Angel group / syndication route,,,not_publicly_found,not_publicly_found,http://www.broadstreetangels.com/,ACA US regional listing: Mid-Atlantic. Listing region does not itself establish a company-investment restriction.,,,group_syndication_route_500k_amount_unverified,collective_group_or_fund_unless_explicitly_stated,"ACA publicly labels this named organization Network. This establishes a group/fund discovery route, not an individual cash commitment.",Public ACA angel network; precise operating-company mandate needs confirmation.,Held outside current screen,Unconfirmed route for company equity. No proof of willingness or available $500K cash for this specific offer.,"Confirm current activity, operating-company equity eligibility, syndication ability, stage, sector and geographic restrictions. Group/fund route; does not identify a single person able or willing to invest $500K.; No investor commitment, liquid-cash proof, approval of proposed 9.3%/8% terms or guaranteed return has been established.; No usable publicly published group business email found in reviewed pages; use the official application/contact route.; No publicly published group business phone found in reviewed pages.; Official website was unavailable to the bounded collector; current activity and mandate remain unverified.; US office/operations have not been verified; exclude from any verified-US count pending confirmation. US office or investment activity was not confirmed in the reviewed primary sources.",,,https://angelcapitalassociation.growthzoneapp.com/publicdirectory/Details/broad-street-angels-3955215,,2026-09-30,unverified,Not contacted / unconfirmed,new,,"Confirm $500K check, 9.3% ownership, current operating-stage eligibility and funding availability."
38a0bf8885f4c4,236f5d8a7a0ffb,,BrookDell,,Angel group / syndication route,,,not_publicly_found,not_publicly_found,http://www.jeffersoncornergroup.com/,ACA US regional listing: Mid-Atlantic. Listing region does not itself establish a company-investment restriction.,,,group_syndication_route_500k_amount_unverified,collective_group_or_fund_unless_explicitly_stated,"ACA publicly labels this named organization Network. This establishes a group/fund discovery route, not an individual cash commitment.",Public ACA angel network; precise operating-company mandate needs confirmation.,Held outside current screen,Unconfirmed route for company equity. No proof of willingness or available $500K cash for this specific offer.,"Confirm current activity, operating-company equity eligibility, syndication ability, stage, sector and geographic restrictions. Group/fund route; does not identify a single person able or willing to invest $500K.; No investor commitment, liquid-cash proof, approval of proposed 9.3%/8% terms or guaranteed return has been established.; No usable publicly published group business email found in reviewed pages; use the official application/contact route.; No publicly published group business phone found in reviewed pages.; Official website was unavailable to the bounded collector; current activity and mandate remain unverified.; US office/operations have not been verified; exclude from any verified-US count pending confirmation. US office or investment activity was not confirmed in the reviewed primary sources.",,,https://angelcapitalassociation.growthzoneapp.com/publicdirectory/Details/brookdell-4465346,,2026-09-30,unverified,Not contacted / unconfirmed,new,,"Confirm $500K check, 9.3% ownership, current operating-stage eligibility and funding availability."
3afb3cad1c30d0,48fc90aad50779,,Bulldog Angel Network,,Angel group / syndication route,,,not_publicly_found,not_publicly_found,http://ban.clubexpress.com/,ACA US regional listing: National. Listing region does not itself establish a company-investment restriction.,,,group_syndication_route_500k_amount_unverified,collective_group_or_fund_unless_explicitly_stated,"ACA publicly labels this named organization Network. This establishes a group/fund discovery route, not an individual cash commitment.",Public ACA angel network; precise operating-company mandate needs confirmation.,Held outside current screen,Unconfirmed route for company equity. No proof of willingness or available $500K cash for this specific offer.,"University-affiliated network; exact current founder-affinity criteria not verified. Founder eligibility has not been established for 101XVC. Group/fund route; does not identify a single person able or willing to invest $500K.; No investor commitment, liquid-cash proof, approval of proposed 9.3%/8% terms or guaranteed return has been established.; University/network affinity must be checked; membership affiliation is not automatically an applicant requirement.; No usable publicly published group business email found in reviewed pages; use the official application/contact route.; No publicly published group business phone found in reviewed pages.; Official website was unavailable to the bounded collector; current activity and mandate remain unverified.; US office/operations have not been verified; exclude from any verified-US count pending confirmation. US office or investment activity was not confirmed in the reviewed primary sources.",,,https://angelcapitalassociation.growthzoneapp.com/publicdirectory/Details/bulldog-angel-network-4696262,,2026-09-30,unverified,Not contacted / unconfirmed,new,,"Confirm $500K check, 9.3% ownership, current operating-stage eligibility and funding availability."
dcec94d5beaf67,2a94f14b5e477f,,Centennial Investors,,Angel group / syndication route,,,not_publicly_found,not_publicly_found,http://www.centennialinvestors.com/,ACA US regional listing: Midwest. Listing region does not itself establish a company-investment restriction.,,,group_syndication_route_500k_amount_unverified,collective_group_or_fund_unless_explicitly_stated,"ACA publicly labels this named organization Network. This establishes a group/fund discovery route, not an individual cash commitment.",Public ACA angel network; precise operating-company mandate needs confirmation.,Held outside current screen,Unconfirmed route for company equity. No proof of willingness or available $500K cash for this specific offer.,"Confirm current activity, operating-company equity eligibility, syndication ability, stage, sector and geographic restrictions. Group/fund route; does not identify a single person able or willing to invest $500K.; No investor commitment, liquid-cash proof, approval of proposed 9.3%/8% terms or guaranteed return has been established.; No usable publicly published group business email found in reviewed pages; use the official application/contact route.; No publicly published group business phone found in reviewed pages.; Official website was unavailable to the bounded collector; current activity and mandate remain unverified.; US office/operations have not been verified; exclude from any verified-US count pending confirmation. US office or investment activity was not confirmed in the reviewed primary sources.",,,https://angelcapitalassociation.growthzoneapp.com/publicdirectory/Details/centennial-investors-3955241,,2026-09-30,unverified,Not contacted / unconfirmed,new,,"Confirm $500K check, 9.3% ownership, current operating-stage eligibility and funding availability."
c3868941a285a0,0558eb40ab03e0,,Charlottesville Angel Network,,Angel group / syndication route,,,not_publicly_found,not_publicly_found,https://www.cvilleangelnetwork.net/,ACA US regional listing: Southeast. Listing region does not itself establish a company-investment restriction.,,,group_syndication_route_500k_amount_unverified,collective_group_or_fund_unless_explicitly_stated,"ACA publicly labels this named organization Network. This establishes a group/fund discovery route, not an individual cash commitment.",Public ACA angel network; precise operating-company mandate needs confirmation.,Held outside current screen,Unconfirmed route for company equity. No proof of willingness or available $500K cash for this specific offer.,"Confirm current activity, operating-company equity eligibility, syndication ability, stage, sector and geographic restrictions. Group/fund route; does not identify a single person able or willing to invest $500K.; No investor commitment, liquid-cash proof, approval of proposed 9.3%/8% terms or guaranteed return has been established.; No usable publicly published group business email found in reviewed pages; use the official application/contact route.; No publicly published group business phone found in reviewed pages.; Official website was unavailable to the bounded collector; current activity and mandate remain unverified.; US office/operations have not been verified; exclude from any verified-US count pending confirmation. US office or investment activity was not confirmed in the reviewed primary sources.",,,https://angelcapitalassociation.growthzoneapp.com/publicdirectory/Details/charlottesville-angel-network-4465428,,2026-09-30,unverified,Not contacted / unconfirmed,new,,"Confirm $500K check, 9.3% ownership, current operating-stage eligibility and funding availability."
4cb186cfd4ddb6,d2e23484595410,,Cherrystone Angel Group,,Angel group / syndication route,,,not_publicly_found,not_publicly_found,http://www.cherrystoneangelgroup.com/,ACA US regional listing: New England. Listing region does not itself establish a company-investment restriction.,,,group_syndication_route_500k_amount_unverified,collective_group_or_fund_unless_explicitly_stated,"ACA publicly labels this named organization Network. This establishes a group/fund discovery route, not an individual cash commitment.",Public ACA angel network; precise operating-company mandate needs confirmation.,Held outside current screen,Unconfirmed route for company equity. No proof of willingness or available $500K cash for this specific offer.,"Confirm current activity, operating-company equity eligibility, syndication ability, stage, sector and geographic restrictions. Group/fund route; does not identify a single person able or willing to invest $500K.; No investor commitment, liquid-cash proof, approval of proposed 9.3%/8% terms or guaranteed return has been established.; No usable publicly published group business email found in reviewed pages; use the official application/contact route.; No publicly published group business phone found in reviewed pages.; Official website was unavailable to the bounded collector; current activity and mandate remain unverified.; US office/operations have not been verified; exclude from any verified-US count pending confirmation. US office or investment activity was not confirmed in the reviewed primary sources.",,,https://angelcapitalassociation.growthzoneapp.com/publicdirectory/Details/cherrystone-angel-group-3955243,,2026-09-30,unverified,Not contacted / unconfirmed,new,,"Confirm $500K check, 9.3% ownership, current operating-stage eligibility and funding availability."
d22457c33dbf2b,c9cc7434c79e4b,,Citrine Angels,,Angel group / syndication route,,info@citrineangels.com,not_publicly_found,general_business,https://www.citrineangels.com/,ACA Mid-Atlantic listing; precise geography needs confirmation.,,,group_syndication_route_500k_amount_unverified,collective_group_or_fund_unless_explicitly_stated,"ACA publicly labels this named organization Network. This establishes a group/fund discovery route, not an individual cash commitment.",Female-founded venture-backable early-stage companies.,Held outside current screen,Unconfirmed route for company equity. No proof of willingness or available $500K cash for this specific offer.,"Female-founder mandate; full-time team, substantial growth, defensible model and clear growth use of proceeds. Group/fund route; does not identify a single person able or willing to invest $500K.; No investor commitment, liquid-cash proof, approval of proposed 9.3%/8% terms or guaranteed return has been established.; No publicly published group business phone found in reviewed pages.; US office/operations have not been verified; exclude from any verified-US count pending confirmation. US office or investment activity was not confirmed in the reviewed primary sources.",https://www.citrineangels.com/board-of-directors,,https://www.citrineangels.com/entrepreneurs,,2026-09-30,unverified,Not contacted / unconfirmed,new,,"Confirm $500K check, 9.3% ownership, current operating-stage eligibility and funding availability."
c2ce4a5f0a226d,1227394aef5279,,Cowtown Angels (TechFW),,Angel group / syndication route,,,not_publicly_found,not_publicly_found,http://www.cowtownangels.org/,ACA US regional listing: Texas. Listing region does not itself establish a company-investment restriction.,,,group_syndication_route_500k_amount_unverified,collective_group_or_fund_unless_explicitly_stated,"ACA publicly labels this named organization Network. This establishes a group/fund discovery route, not an individual cash commitment.",Public ACA angel network; precise operating-company mandate needs confirmation.,Held outside current screen,Unconfirmed route for company equity. No proof of willingness or available $500K cash for this specific offer.,"Confirm current activity, operating-company equity eligibility, syndication ability, stage, sector and geographic restrictions. Group/fund route; does not identify a single person able or willing to invest $500K.; No investor commitment, liquid-cash proof, approval of proposed 9.3%/8% terms or guaranteed return has been established.; No usable publicly published group business email found in reviewed pages; use the official application/contact route.; No publicly published group business phone found in reviewed pages.; US office/operations have not been verified; exclude from any verified-US count pending confirmation. US office or investment activity was not confirmed in the reviewed primary sources.",,,https://angelcapitalassociation.growthzoneapp.com/publicdirectory/Details/cowtown-angels-techfw-3955289,,2026-09-30,unverified,Not contacted / unconfirmed,new,,"Confirm $500K check, 9.3% ownership, current operating-stage eligibility and funding availability."
a7271c13d6068e,f0b579653a7c90,,Duke Capital Partners,,Angel group / syndication route,,,not_publicly_found,not_publicly_found,https://dukeangelnetwork.duke.edu/,ACA US regional listing: Southeast. Listing region does not itself establish a company-investment restriction.,,,group_syndication_route_500k_amount_unverified,collective_group_or_fund_unless_explicitly_stated,"ACA publicly labels this named organization Fund. This establishes a group/fund discovery route, not an individual cash commitment.",Public ACA angel fund; precise operating-company mandate needs confirmation.,Held outside current screen,Unconfirmed route for company equity. No proof of willingness or available $500K cash for this specific offer.,"Duke-affiliated investment route; exact current founder-affinity criteria not verified. Founder eligibility has not been established for 101XVC. Group/fund route; does not identify a single person able or willing to invest $500K.; No investor commitment, liquid-cash proof, approval of proposed 9.3%/8% terms or guaranteed return has been established.; University/network affinity must be checked; membership affiliation is not automatically an applicant requirement.; No usable publicly published group business email found in reviewed pages; use the official application/contact route.; No publicly published group business phone found in reviewed pages.; Official website was unavailable to the bounded collector; current activity and mandate remain unverified.; US office/operations have not been verified; exclude from any verified-US count pending confirmation. US office or investment activity was not confirmed in the reviewed primary sources.",,,https://angelcapitalassociation.growthzoneapp.com/publicdirectory/Details/duke-capital-partners-3955187,,2026-09-30,unverified,Not contacted / unconfirmed,new,,"Confirm $500K check, 9.3% ownership, current operating-stage eligibility and funding availability."
f684e48b4cf238,30001d7a35e723,,Executive Forum Angels,,Angel group / syndication route,,,not_publicly_found,not_publicly_found,https://gust.com/organizations/executive-forum-angels/public_profile,United States preferred.,,300000,Published range excludes $500K,collective_group_or_fund_unless_explicitly_stated,"ACA publicly labels this named organization Network. This establishes a group/fund discovery route, not an individual cash commitment.",Broad startup sectors including real estate and supply chain; member investing.,Held outside current screen,Unconfirmed route for company equity. No proof of willingness or available $500K cash for this specific offer.,"Seeking less than $2MM; historical up to $300K invested in an individual company. Gust support emails are platform contacts and excluded. Group/fund route; does not identify a single person able or willing to invest $500K.; No investor commitment, liquid-cash proof, approval of proposed 9.3%/8% terms or guaranteed return has been established.; No usable publicly published group business email found in reviewed pages; use the official application/contact route.; No publicly published group business phone found in reviewed pages.",,,https://gust.com/organizations/executive-forum-angels/public_profile,,2026-09-30,unverified,Not contacted / unconfirmed,new,,"Confirm $500K check, 9.3% ownership, current operating-stage eligibility and funding availability."
65358918a4bcfe,9e51a32920e975,,Illinois Ventures Angels,,Angel group / syndication route,,hello@illinoisventures.com,not_publicly_found,general_business,http://www.illinoisventures.com/,ACA US regional listing: Midwest. Listing region does not itself establish a company-investment restriction.,100000,300000,Published range excludes $500K,collective_group_or_fund_unless_explicitly_stated,"ACA publicly labels this named organization Network. This establishes a group/fund discovery route, not an individual cash commitment.",Public ACA angel network; precise operating-company mandate needs confirmation.,Held outside current screen,Unconfirmed route for company equity. No proof of willingness or available $500K cash for this specific offer.,"University of Illinois ecosystem; confirm eligibility and angel versus separate deep-tech fund product. Founder eligibility has not been established for 101XVC. Group/fund route; does not identify a single person able or willing to invest $500K.; No investor commitment, liquid-cash proof, approval of proposed 9.3%/8% terms or guaranteed return has been established.; University/network affinity must be checked; membership affiliation is not automatically an applicant requirement.; No publicly published group business phone found in reviewed pages.",https://illinoisventures.com/about-us/contact/,,https://illinoisventures.com/angels/,,2026-09-30,unverified,Not contacted / unconfirmed,new,,"Confirm $500K check, 9.3% ownership, current operating-stage eligibility and funding availability."
7b00c911d1f6d1,1e0596aab93d9d,,Investor's Circle,,Angel group / syndication route,,info@investors-circle.org,not_publicly_found,general_business,https://www.investors-circle.org/home,ACA US regional listing: National. Listing region does not itself establish a company-investment restriction.,,,group_syndication_route_500k_amount_unverified,collective_group_or_fund_unless_explicitly_stated,"ACA publicly labels this named organization Network. This establishes a group/fund discovery route, not an individual cash commitment.",Public ACA angel network; precise operating-company mandate needs confirmation.,Held outside current screen,Unconfirmed route for company equity. No proof of willingness or available $500K cash for this specific offer.,"Confirm current activity, operating-company equity eligibility, syndication ability, stage, sector and geographic restrictions. Group/fund route; does not identify a single person able or willing to invest $500K.; No investor commitment, liquid-cash proof, approval of proposed 9.3%/8% terms or guaranteed return has been established.; No publicly published group business phone found in reviewed pages.; US office/operations have not been verified; exclude from any verified-US count pending confirmation. US office or investment activity was not confirmed in the reviewed primary sources.",https://www.investors-circle.org/investing,,https://angelcapitalassociation.growthzoneapp.com/publicdirectory/Details/investor-s-circle-3955279,,2026-09-30,unverified,Not contacted / unconfirmed,new,,"Confirm $500K check, 9.3% ownership, current operating-stage eligibility and funding availability."
96340c1ce015e0,0c24982a46e188,,Jungu Angels,,Angel group / syndication route,,,not_publicly_found,not_publicly_found,https://junguangels.com/,ACA US regional listing: California. Listing region does not itself establish a company-investment restriction.,,,group_syndication_route_500k_amount_unverified,collective_group_or_fund_unless_explicitly_stated,"ACA publicly labels this named organization Network. This establishes a group/fund discovery route, not an individual cash commitment.",Public ACA angel network; precise operating-company mandate needs confirmation.,Held outside current screen,Unconfirmed route for company equity. No proof of willingness or available $500K cash for this specific offer.,"Confirm current activity, operating-company equity eligibility, syndication ability, stage, sector and geographic restrictions. Group/fund route; does not identify a single person able or willing to invest $500K.; No investor commitment, liquid-cash proof, approval of proposed 9.3%/8% terms or guaranteed return has been established.; No usable publicly published group business email found in reviewed pages; use the official application/contact route.; No publicly published group business phone found in reviewed pages.; US office/operations have not been verified; exclude from any verified-US count pending confirmation. US office or investment activity was not confirmed in the reviewed primary sources.",,,https://angelcapitalassociation.growthzoneapp.com/publicdirectory/Details/jungu-angels-3955257,,2026-09-30,unverified,Not contacted / unconfirmed,new,,"Confirm $500K check, 9.3% ownership, current operating-stage eligibility and funding availability."
291f21901a766b,d3872a0164bdea,,Michigan Capital Network Association,,Angel group / syndication route,,,not_publicly_found,not_publicly_found,http://www.grandangels.com/,ACA US regional listing: Midwest. Listing region does not itself establish a company-investment restriction.,,,group_syndication_route_500k_amount_unverified,collective_group_or_fund_unless_explicitly_stated,"ACA publicly labels this named organization Network. This establishes a group/fund discovery route, not an individual cash commitment.",Public ACA angel network; precise operating-company mandate needs confirmation.,Held outside current screen,Unconfirmed route for company equity. No proof of willingness or available $500K cash for this specific offer.,"Confirm current activity, operating-company equity eligibility, syndication ability, stage, sector and geographic restrictions. Group/fund route; does not identify a single person able or willing to invest $500K.; No investor commitment, liquid-cash proof, approval of proposed 9.3%/8% terms or guaranteed return has been established.; No usable publicly published group business email found in reviewed pages; use the official application/contact route.; No publicly published group business phone found in reviewed pages.; Official website was unavailable to the bounded collector; current activity and mandate remain unverified.; US office/operations have not been verified; exclude from any verified-US count pending confirmation. US office or investment activity was not confirmed in the reviewed primary sources.",,,https://angelcapitalassociation.growthzoneapp.com/publicdirectory/Details/michigan-capital-network-association-4465384,,2026-09-30,unverified,Not contacted / unconfirmed,new,,"Confirm $500K check, 9.3% ownership, current operating-stage eligibility and funding availability."
0ebdf11d077087,995c2f79d81112,,North Coast Ventures,,Angel group / syndication route,,,not_publicly_found,not_publicly_found,http://www.northcoastangelfund.com/,ACA US regional listing: Midwest. Listing region does not itself establish a company-investment restriction.,,,group_syndication_route_500k_amount_unverified,collective_group_or_fund_unless_explicitly_stated,"ACA publicly labels this named organization Fund. This establishes a group/fund discovery route, not an individual cash commitment.",Public ACA angel fund; precise operating-company mandate needs confirmation.,Held outside current screen,Unconfirmed route for company equity. No proof of willingness or available $500K cash for this specific offer.,"Confirm current activity, operating-company equity eligibility, syndication ability, stage, sector and geographic restrictions. Group/fund route; does not identify a single person able or willing to invest $500K.; No investor commitment, liquid-cash proof, approval of proposed 9.3%/8% terms or guaranteed return has been established.; No usable publicly published group business email found in reviewed pages; use the official application/contact route.; No publicly published group business phone found in reviewed pages.; US office/operations have not been verified; exclude from any verified-US count pending confirmation. US office or investment activity was not confirmed in the reviewed primary sources.",,,https://angelcapitalassociation.growthzoneapp.com/publicdirectory/Details/north-coast-ventures-3955199,,2026-09-30,unverified,Not contacted / unconfirmed,new,,"Confirm $500K check, 9.3% ownership, current operating-stage eligibility and funding availability."
db341faf22e20f,e468e28d4b2fde,,Northern Michigan Angels,,Angel group / syndication route,,,not_publicly_found,not_publicly_found,http://www.northernmichiganangels.com/,ACA US regional listing: Midwest. Listing region does not itself establish a company-investment restriction.,,,group_syndication_route_500k_amount_unverified,collective_group_or_fund_unless_explicitly_stated,"ACA publicly labels this named organization Network. This establishes a group/fund discovery route, not an individual cash commitment.",Public ACA angel network; precise operating-company mandate needs confirmation.,Held outside current screen,Unconfirmed route for company equity. No proof of willingness or available $500K cash for this specific offer.,"Confirm current activity, operating-company equity eligibility, syndication ability, stage, sector and geographic restrictions. Group/fund route; does not identify a single person able or willing to invest $500K.; No investor commitment, liquid-cash proof, approval of proposed 9.3%/8% terms or guaranteed return has been established.; No usable publicly published group business email found in reviewed pages; use the official application/contact route.; No publicly published group business phone found in reviewed pages.; Official website was unavailable to the bounded collector; current activity and mandate remain unverified.; US office/operations have not been verified; exclude from any verified-US count pending confirmation. US office or investment activity was not confirmed in the reviewed primary sources.",,,https://angelcapitalassociation.growthzoneapp.com/publicdirectory/Details/northern-michigan-angels-3955273,,2026-09-30,unverified,Not contacted / unconfirmed,new,,"Confirm $500K check, 9.3% ownership, current operating-stage eligibility and funding availability."
9493faebfc98d2,bcb3867c736268,,OSEA Angel Investors,,Angel group / syndication route,,,not_publicly_found,not_publicly_found,http://www.oseaangelinvestors.com/,ACA US regional listing: California. Listing region does not itself establish a company-investment restriction.,,,group_syndication_route_500k_amount_unverified,collective_group_or_fund_unless_explicitly_stated,"ACA publicly labels this named organization Network. This establishes a group/fund discovery route, not an individual cash commitment.",Public ACA angel network; precise operating-company mandate needs confirmation.,Held outside current screen,Unconfirmed route for company equity. No proof of willingness or available $500K cash for this specific offer.,"Confirm current activity, operating-company equity eligibility, syndication ability, stage, sector and geographic restrictions. Group/fund route; does not identify a single person able or willing to invest $500K.; No investor commitment, liquid-cash proof, approval of proposed 9.3%/8% terms or guaranteed return has been established.; No usable publicly published group business email found in reviewed pages; use the official application/contact route.; No publicly published group business phone found in reviewed pages.; US office/operations have not been verified; exclude from any verified-US count pending confirmation. US office or investment activity was not confirmed in the reviewed primary sources.",,,https://angelcapitalassociation.growthzoneapp.com/publicdirectory/Details/osea-angel-investors-3955266,,2026-09-30,unverified,Not contacted / unconfirmed,new,,"Confirm $500K check, 9.3% ownership, current operating-stage eligibility and funding availability."
bb6c651e8c2711,3a160cca18d3ea,,Sierra Angels,,Angel group / syndication route,,,not_publicly_found,not_publicly_found,http://www.sierraangels.com/,ACA US regional listing: West. Listing region does not itself establish a company-investment restriction.,,,group_syndication_route_500k_amount_unverified,collective_group_or_fund_unless_explicitly_stated,"ACA publicly labels this named organization Network. This establishes a group/fund discovery route, not an individual cash commitment.",Public ACA angel network; precise operating-company mandate needs confirmation.,Held outside current screen,Unconfirmed route for company equity. No proof of willingness or available $500K cash for this specific offer.,"Confirm current activity, operating-company equity eligibility, syndication ability, stage, sector and geographic restrictions. Group/fund route; does not identify a single person able or willing to invest $500K.; No investor commitment, liquid-cash proof, approval of proposed 9.3%/8% terms or guaranteed return has been established.; No usable publicly published group business email found in reviewed pages; use the official application/contact route.; No publicly published group business phone found in reviewed pages.; US office/operations have not been verified; exclude from any verified-US count pending confirmation. US office or investment activity was not confirmed in the reviewed primary sources.",,,https://angelcapitalassociation.growthzoneapp.com/publicdirectory/Details/sierra-angels-3955218,,2026-09-30,unverified,Not contacted / unconfirmed,new,,"Confirm $500K check, 9.3% ownership, current operating-stage eligibility and funding availability."
f3966a9901cfb7,4203c93aa31f74,,South Coast Angel Network,,Angel group / syndication route,,,not_publicly_found,not_publicly_found,http://www.southcoastangelnetwork.com/,ACA US regional listing: Texas. Listing region does not itself establish a company-investment restriction.,,,group_syndication_route_500k_amount_unverified,collective_group_or_fund_unless_explicitly_stated,"ACA publicly labels this named organization Network. This establishes a group/fund discovery route, not an individual cash commitment.",Public ACA angel network; precise operating-company mandate needs confirmation.,Held outside current screen,Unconfirmed route for company equity. No proof of willingness or available $500K cash for this specific offer.,"Confirm current activity, operating-company equity eligibility, syndication ability, stage, sector and geographic restrictions. Group/fund route; does not identify a single person able or willing to invest $500K.; No investor commitment, liquid-cash proof, approval of proposed 9.3%/8% terms or guaranteed return has been established.; No usable publicly published group business email found in reviewed pages; use the official application/contact route.; No publicly published group business phone found in reviewed pages.; Official website was unavailable to the bounded collector; current activity and mandate remain unverified.; US office/operations have not been verified; exclude from any verified-US count pending confirmation. US office or investment activity was not confirmed in the reviewed primary sources.",,,https://angelcapitalassociation.growthzoneapp.com/publicdirectory/Details/south-coast-angel-network-3955286,,2026-09-30,unverified,Not contacted / unconfirmed,new,,"Confirm $500K check, 9.3% ownership, current operating-stage eligibility and funding availability."
03e8e656d1f4ac,cc94144e279dff,,SWAN Impact Network,,Angel group / syndication route,,associate@swanimpact.org,not_publicly_found,published_business,http://www.swanimpact.org/,ACA US regional listing: Texas. Listing region does not itself establish a company-investment restriction.,,,group_syndication_route_500k_amount_unverified,collective_group_or_fund_unless_explicitly_stated,"ACA publicly labels this named organization Network. This establishes a group/fund discovery route, not an individual cash commitment.",Public ACA angel network; precise operating-company mandate needs confirmation.,Held outside current screen,Unconfirmed route for company equity. No proof of willingness or available $500K cash for this specific offer.,"Confirm current activity, operating-company equity eligibility, syndication ability, stage, sector and geographic restrictions. Group/fund route; does not identify a single person able or willing to invest $500K.; No investor commitment, liquid-cash proof, approval of proposed 9.3%/8% terms or guaranteed return has been established.; No publicly published group business phone found in reviewed pages.; US office/operations have not been verified; exclude from any verified-US count pending confirmation. US office or investment activity was not confirmed in the reviewed primary sources.",https://swanimpact.org/contact-us,,https://angelcapitalassociation.growthzoneapp.com/publicdirectory/Details/swan-impact-network-3955197,,2026-09-30,unverified,Not contacted / unconfirmed,new,,"Confirm $500K check, 9.3% ownership, current operating-stage eligibility and funding availability."
8baa1d179db6ac,c79cb02f32b7f8,,TBD Angels,,Angel group / syndication route,,,not_publicly_found,not_publicly_found,https://www.tbdangels.com/,US-heavy with international members.,75000,250000,Published range excludes $500K,collective_group_or_fund_unless_explicitly_stated,"ACA publicly labels this named organization Network. This establishes a group/fund discovery route, not an individual cash commitment.","Early-stage venture investing via member-selected SPVs; notes, SAFEs and equity.",Held outside current screen,Unconfirmed route for company equity. No proof of willingness or available $500K cash for this specific offer.,"Aggregate member participation; individual minimum $2.5K is not a $500K commitment. Group/fund route; does not identify a single person able or willing to invest $500K.; No investor commitment, liquid-cash proof, approval of proposed 9.3%/8% terms or guaranteed return has been established.; No usable publicly published group business email found in reviewed pages; use the official application/contact route.; No publicly published group business phone found in reviewed pages.",,,https://www.tbdangels.com/faq.html,,2026-09-30,unverified,Not contacted / unconfirmed,new,,"Confirm $500K check, 9.3% ownership, current operating-stage eligibility and funding availability."
726872a3b72928,0c9f89122bdf98,,Tidal River,,Angel group / syndication route,,,not_publicly_found,not_publicly_found,https://www.tidalriverct.com/,ACA US regional listing: New England. Listing region does not itself establish a company-investment restriction.,,,group_syndication_route_500k_amount_unverified,collective_group_or_fund_unless_explicitly_stated,"ACA publicly labels this named organization Fund. This establishes a group/fund discovery route, not an individual cash commitment.",Public ACA angel fund; precise operating-company mandate needs confirmation.,Held outside current screen,Unconfirmed route for company equity. No proof of willingness or available $500K cash for this specific offer.,"Confirm current activity, operating-company equity eligibility, syndication ability, stage, sector and geographic restrictions. Group/fund route; does not identify a single person able or willing to invest $500K.; No investor commitment, liquid-cash proof, approval of proposed 9.3%/8% terms or guaranteed return has been established.; No usable publicly published group business email found in reviewed pages; use the official application/contact route.; No publicly published group business phone found in reviewed pages.; Official website was unavailable to the bounded collector; current activity and mandate remain unverified.; US office/operations have not been verified; exclude from any verified-US count pending confirmation. US office or investment activity was not confirmed in the reviewed primary sources.",,,https://angelcapitalassociation.growthzoneapp.com/publicdirectory/Details/tidal-river-4862956,,2026-09-30,unverified,Not contacted / unconfirmed,new,,"Confirm $500K check, 9.3% ownership, current operating-stage eligibility and funding availability."
079cb96f6b6499,1314ef76b83356,,Walnut Ventures,,Angel group / syndication route,,,not_publicly_found,not_publicly_found,http://www.walnutventures.com/,ACA US regional listing: New England. Listing region does not itself establish a company-investment restriction.,,,group_syndication_route_500k_amount_unverified,collective_group_or_fund_unless_explicitly_stated,"ACA publicly labels this named organization Network. This establishes a group/fund discovery route, not an individual cash commitment.",Public ACA angel network; precise operating-company mandate needs confirmation.,Held outside current screen,Unconfirmed route for company equity. No proof of willingness or available $500K cash for this specific offer.,"Confirm current activity, operating-company equity eligibility, syndication ability, stage, sector and geographic restrictions. Group/fund route; does not identify a single person able or willing to invest $500K.; No investor commitment, liquid-cash proof, approval of proposed 9.3%/8% terms or guaranteed return has been established.; No usable publicly published group business email found in reviewed pages; use the official application/contact route.; No publicly published group business phone found in reviewed pages.; US office/operations have not been verified; exclude from any verified-US count pending confirmation. US office or investment activity was not confirmed in the reviewed primary sources.",,,https://angelcapitalassociation.growthzoneapp.com/publicdirectory/Details/walnut-ventures-3955232,,2026-09-30,unverified,Not contacted / unconfirmed,new,,"Confirm $500K check, 9.3% ownership, current operating-stage eligibility and funding availability."
3bfcbdb1e8adb5,451886e17d8da8,,Wharton Alumni Angels,,Angel group / syndication route,,,not_publicly_found,not_publicly_found,http://www.whartonalumniangels.com/,ACA US regional listing: National. Listing region does not itself establish a company-investment restriction.,,,group_syndication_route_500k_amount_unverified,collective_group_or_fund_unless_explicitly_stated,"ACA publicly labels this named organization Network. This establishes a group/fund discovery route, not an individual cash commitment.",Public ACA angel network; precise operating-company mandate needs confirmation.,Held outside current screen,Unconfirmed route for company equity. No proof of willingness or available $500K cash for this specific offer.,"Wharton alumni investor network; do not assume applicant affiliation is required without checking current criteria. Founder eligibility has not been established for 101XVC. Group/fund route; does not identify a single person able or willing to invest $500K.; No investor commitment, liquid-cash proof, approval of proposed 9.3%/8% terms or guaranteed return has been established.; University/network affinity must be checked; membership affiliation is not automatically an applicant requirement.; No usable publicly published group business email found in reviewed pages; use the official application/contact route.; No publicly published group business phone found in reviewed pages.; US office/operations have not been verified; exclude from any verified-US count pending confirmation. US office or investment activity was not confirmed in the reviewed primary sources.",,,https://angelcapitalassociation.growthzoneapp.com/publicdirectory/Details/wharton-alumni-angels-3955207,,2026-09-30,unverified,Not contacted / unconfirmed,new,,"Confirm $500K check, 9.3% ownership, current operating-stage eligibility and funding availability."
a62008678d5139,f886c5d0d7f19f,,Wisconsin Investment Partners LLC,,Angel group / syndication route,,,not_publicly_found,not_publicly_found,http://www.wisinvpartners.com/,ACA US regional listing: Midwest. Listing region does not itself establish a company-investment restriction.,,,group_syndication_route_500k_amount_unverified,collective_group_or_fund_unless_explicitly_stated,"ACA publicly labels this named organization Network. This establishes a group/fund discovery route, not an individual cash commitment.",Public ACA angel network; precise operating-company mandate needs confirmation.,Held outside current screen,Unconfirmed route for company equity. No proof of willingness or available $500K cash for this specific offer.,"Confirm current activity, operating-company equity eligibility, syndication ability, stage, sector and geographic restrictions. Group/fund route; does not identify a single person able or willing to invest $500K.; No investor commitment, liquid-cash proof, approval of proposed 9.3%/8% terms or guaranteed return has been established.; No usable publicly published group business email found in reviewed pages; use the official application/contact route.; No publicly published group business phone found in reviewed pages.; Official website was unavailable to the bounded collector; current activity and mandate remain unverified.; US office/operations have not been verified; exclude from any verified-US count pending confirmation. US office or investment activity was not confirmed in the reviewed primary sources.",,,https://angelcapitalassociation.growthzoneapp.com/publicdirectory/Details/wisconsin-investment-partners-llc-3955276,,2026-09-30,unverified,Not contacted / unconfirmed,new,,"Confirm $500K check, 9.3% ownership, current operating-stage eligibility and funding availability."
cd3116f0132595,364d4968793e0c,,Wolfpack Investor Network,,Angel group / syndication route,,,not_publicly_found,not_publicly_found,http://www.wolfpackinvestornetwork.com/,ACA US regional listing: Southeast. Listing region does not itself establish a company-investment restriction.,,,group_syndication_route_500k_amount_unverified,collective_group_or_fund_unless_explicitly_stated,"ACA publicly labels this named organization Network. This establishes a group/fund discovery route, not an individual cash commitment.",Public ACA angel network; precise operating-company mandate needs confirmation.,Held outside current screen,Unconfirmed route for company equity. No proof of willingness or available $500K cash for this specific offer.,"NC State-affiliated network; exact current founder-affinity criteria not verified. Founder eligibility has not been established for 101XVC. Group/fund route; does not identify a single person able or willing to invest $500K.; No investor commitment, liquid-cash proof, approval of proposed 9.3%/8% terms or guaranteed return has been established.; University/network affinity must be checked; membership affiliation is not automatically an applicant requirement.; No usable publicly published group business email found in reviewed pages; use the official application/contact route.; No publicly published group business phone found in reviewed pages.; Official website was unavailable to the bounded collector; current activity and mandate remain unverified.; US office/operations have not been verified; exclude from any verified-US count pending confirmation. US office or investment activity was not confirmed in the reviewed primary sources.",,,https://angelcapitalassociation.growthzoneapp.com/publicdirectory/Details/wolfpack-investor-network-3955208,,2026-09-30,unverified,Not contacted / unconfirmed,new,,"Confirm $500K check, 9.3% ownership, current operating-stage eligibility and funding availability."
7b838a456b1880,7e4a1ba1ad68b2,,"Ariel Savannah Angel Partners, LLC",,Angel group / syndication route,,screening@asap-invests.com,not_publicly_found,general_business,https://www.asap-invests.com/,Southeastern US.,100000,,Published group range includes $500K,collective_group_or_fund_unless_explicitly_stated,"ACA publicly labels this named organization Network. This establishes a group/fund discovery route, not an individual cash commitment.",Sector-agnostic technology with life-science/biotech emphasis; typically excludes real estate.,Held outside current screen,Published sector restriction or real-estate exclusion conflicts with the described business; do not treat as a qualified equity target.,"At least two complementary founders; scalable model, large market and traction; real-estate exclusion needs resolution. Group/fund route; does not identify a single person able or willing to invest $500K.; No investor commitment, liquid-cash proof, approval of proposed 9.3%/8% terms or guaranteed return has been established.; No publicly published group business phone found in reviewed pages.",https://asap-invests.com/submit-a-proposal/,,https://asap-invests.com/submit-a-proposal/,,2026-09-30,unverified,Not contacted / unconfirmed,new,,"Confirm $500K check, 9.3% ownership, current operating-stage eligibility and funding availability."
13a8c59b78238a,078a17dc5cde95,,Arizona Tech Investors,,Angel group / syndication route,,executivedirector@arizonatechinvestors.com,not_publicly_found,general_business,https://www.arizonatechinvestors.com/,Not restricted to Arizona.,200000,250000,Published range excludes $500K,collective_group_or_fund_unless_explicitly_stated,"ACA publicly labels this named organization Network. This establishes a group/fund discovery route, not an individual cash commitment.","Capital-efficient scalable businesses with a moat; real estate, crypto, precious metals and biopharma listed as excluded sectors.",Held outside current screen,Published sector restriction or real-estate exclusion conflicts with the described business; do not treat as a qualified equity target.,"No SAFEs; prefers priced equity or convertible notes; website says no publicly solicited 506(c) securities. Confirm eligibility privately before any approach. Group/fund route; does not identify a single person able or willing to invest $500K.; No investor commitment, liquid-cash proof, approval of proposed 9.3%/8% terms or guaranteed return has been established.; No publicly published group business phone found in reviewed pages.",https://arizonatechinvestors.com/,,https://arizonatechinvestors.com/elementor-page-1717/,,2026-09-30,unverified,Not contacted / unconfirmed,new,,"Confirm $500K check, 9.3% ownership, current operating-stage eligibility and funding availability."
134047992883b8,36203ce6526825,,Band of Angels,,Angel group / syndication route,,bandhq@bandangels.com,not_publicly_found,general_business,http://www.bandangels.com/,US-registered entities.,300000,750000,Published group range includes $500K,collective_group_or_fund_unless_explicitly_stated,"ACA publicly labels this named organization Network. This establishes a group/fund discovery route, not an individual cash commitment.","Seed high technology and life sciences; expressly excludes real estate, restaurants, retail and funds.",Held outside current screen,Published sector restriction or real-estate exclusion conflicts with the described business; do not treat as a qualified equity target.,"Proprietary technology, strong team and large market; real-estate exclusion makes this offer a poor match. Group/fund route; does not identify a single person able or willing to invest $500K.; No investor commitment, liquid-cash proof, approval of proposed 9.3%/8% terms or guaranteed return has been established.; No publicly published group business phone found in reviewed pages.",https://www.bandangels.com/contact,,https://www.bandangels.com/about,,2026-09-30,unverified,Not contacted / unconfirmed,new,,"Confirm $500K check, 9.3% ownership, current operating-stage eligibility and funding availability."
282881ce0d06e5,54a43e6f0389e1,,North Texas Angel Network,,Angel group / syndication route,,info@northtexasangels.org,not_publicly_found,general_business,http://www.northtexasangels.org/,US-domiciled companies.,,,group_syndication_route_500k_amount_unverified,collective_group_or_fund_unless_explicitly_stated,"ACA publicly labels this named organization Network. This establishes a group/fund discovery route, not an individual cash commitment.","Technology, healthcare and services; ventures with a large real-estate component are excluded.",Held outside current screen,Published sector restriction or real-estate exclusion conflicts with the described business; do not treat as a qualified equity target.,"Scalable model, capable team, large addressable market and limited capital requirements; large real-estate component exclusion. Group/fund route; does not identify a single person able or willing to invest $500K.; No investor commitment, liquid-cash proof, approval of proposed 9.3%/8% terms or guaranteed return has been established.; No publicly published group business phone found in reviewed pages.",https://www.northtexasangels.org/contact-us,,https://www.northtexasangels.org/about-us,,2026-09-30,unverified,Not contacted / unconfirmed,new,,"Confirm $500K check, 9.3% ownership, current operating-stage eligibility and funding availability."
270f3825e78cc9,1c688f344a0a43,,Oregon Sports Angels,,Angel group / syndication route,,pitch@oregonsportsangels.org,not_publicly_found,general_business,http://www.oregonsportsangels.org/,United States.,,,group_syndication_route_500k_amount_unverified,collective_group_or_fund_unless_explicitly_stated,"ACA publicly labels this named organization Network. This establishes a group/fund discovery route, not an individual cash commitment.","Sports products, technology, experiences and innovation.",Held outside current screen,Published sector restriction or real-estate exclusion conflicts with the described business; do not treat as a qualified equity target.,"Sports-industry mandate; property-assignment fulfillment does not establish a relevant sports thesis. Group/fund route; does not identify a single person able or willing to invest $500K.; No investor commitment, liquid-cash proof, approval of proposed 9.3%/8% terms or guaranteed return has been established.; No publicly published group business phone found in reviewed pages.",https://oregonsportsangels.org/,,https://oregonsportsangels.org/,,2026-09-30,unverified,Not contacted / unconfirmed,new,,"Confirm $500K check, 9.3% ownership, current operating-stage eligibility and funding availability."
b1cefb52487fbd,800e9f6401b813,,Sand Hill Angels,,Angel group / syndication route,,info@sandhillangels.com,not_publicly_found,general_business,http://www.sandhillangels.com/,North America.,50000,,Published group range includes $500K,collective_group_or_fund_unless_explicitly_stated,"ACA publicly labels this named organization Network. This establishes a group/fund discovery route, not an individual cash commitment.",Defensible technology in large growing markets; expressly does not invest in real estate.,Held outside current screen,Published sector restriction or real-estate exclusion conflicts with the described business; do not treat as a qualified equity target.,"Disruptive solution, defensible technology and team; real-estate exclusion makes this offer a poor match. Group/fund route; does not identify a single person able or willing to invest $500K.; No investor commitment, liquid-cash proof, approval of proposed 9.3%/8% terms or guaranteed return has been established.; No publicly published group business phone found in reviewed pages.",https://www.sandhillangels.com/,,https://www.sandhillangels.com/about,,2026-09-30,unverified,Not contacted / unconfirmed,new,,"Confirm $500K check, 9.3% ownership, current operating-stage eligibility and funding availability."
